,word,total_count,СМГ Зима,СМГ Мессояха,СМГ Н.Порт,Томский интегрированный проект
71,факт,7043.0,77.0,1581.0,937.0,4448.0
3,план,6998.0,77.0,1580.0,936.0,4405.0
19,шт,6545.0,74.0,1564.0,838.0,4069.0
764,наименование,2115.0,3.0,1554.0,387.0,171.0
761,всего,2772.0,3.0,1535.0,439.0,795.0
832,откл,1848.0,2.0,1528.0,318.0,0.0
778,%вып,1817.0,7.0,1528.0,276.0,6.0
11,едизм,6929.0,75.0,1514.0,924.0,4416.0
49,заданиенамесяц,5320.0,61.0,1506.0,635.0,3118.0
1075,засутки,1569.0,1.0,1500.0,55.0,13.0
3287,года,1531.0,0.0,1495.0,36.0,0.0
35,№п/п,6742.0,64.0,1488.0,797.0,4393.0
101,выполненосначаламесяца,2271.0,43.0,1486.0,742.0,0.0
55,согласовано:,2152.0,58.0,1477.0,617.0,0.0
706,итого,6570.0,9.0,1466.0,760.0,4335.0
95,посостояниюна:,1530.0,37.0,1464.0,29.0,0.0
85,наименованиеработ,6653.0,58.0,1462.0,697.0,4436.0
751,примечание,6455.0,25.0,1459.0,520.0,4451.0
776,данныепофизобъемам,1703.0,5.0,1420.0,278.0,0.0
33,м3,6120.0,47.0,1408.0,675.0,3990.0
1081,замесяц,1413.0,1.0,1405.0,7.0,0.0
586,техническиересурсы,2097.0,4.0,1398.0,694.0,1.0
657,людскиересурсы,2086.0,6.0,1393.0,686.0,1.0
24,м2,6074.0,38.0,1383.0,688.0,3965.0
23,посостояниюна,2135.0,27.0,1379.0,729.0,0.0
118,м,5374.0,56.0,1369.0,653.0,3296.0
28,кол-водней,1847.0,57.0,1365.0,425.0,0.0
20542,%выполненияпопроекту,1401.0,0.0,1360.0,41.0,0.0
20184,генподрядная/субподряднаяорганизация,1419.0,0.0,1358.0,61.0,0.0
789,бульдозер,4396.0,3.0,1356.0,396.0,2641.0
6971,планнадату,1753.0,0.0,1349.0,19.0,385.0
6849,объемпопроекту,1356.0,0.0,1349.0,7.0,0.0
3296,выполненосначаластроительства,6490.0,0.0,1345.0,754.0,4391.0
17605,трудозатратыпоработеизксг,1338.0,0.0,1338.0,0.0,0.0
14092,100%трззамесяц,1338.0,0.0,1338.0,0.0,0.0
12909,отклонениеотпланапофо,1338.0,0.0,1338.0,0.0,0.0
13932,факт/план,1336.0,0.0,1336.0,0.0,0.0
16695,комментарийдостаточностьлюдей/техники,1334.0,0.0,1334.0,0.0,0.0
20959,весвидаработот100%плананамесяц,1334.0,0.0,1334.0,0.0,0.0
1805,тн,3167.0,5.0,1333.0,481.0,1348.0
11174,допработы(титулвподписанномсмготсутствовал),1319.0,0.0,1319.0,0.0,0.0
12674,выполненосначмесяцафакт(трз)надату,1319.0,0.0,1319.0,0.0,0.0
17432,выполненосначмесяцаплан(трз)надату,1319.0,0.0,1319.0,0.0,0.0
791,экскаватор,4165.0,3.0,1316.0,398.0,2448.0
21136,комментарийналичиемтр,1315.0,0.0,1315.0,0.0,0.0
18,%выполненияотплананатекущуюдатусначаластроительства,1531.0,58.0,1312.0,161.0,0.0
11854,фактбездопов,1310.0,0.0,1310.0,0.0,0.0
746,автокран,3323.0,3.0,1306.0,201.0,1813.0
73,утверждаю:,1813.0,63.0,1300.0,450.0,0.0
12521,выполнениесмг,1298.0,0.0,1298.0,0.0,0.0
491,%,5756.0,29.0,1295.0,431.0,4001.0
19666,фактнадатубездопработ/сдопработами,1293.0,0.0,1293.0,0.0,0.0
11574,началоработпоконтракту,1741.0,0.0,1273.0,468.0,0.0
7047,физобъем,1273.0,0.0,1273.0,0.0,0.0
12169,окончаниеработпоконтракту,1704.0,0.0,1271.0,433.0,0.0
19956,срокивыполненияработпоконтракту:,1333.0,0.0,1244.0,89.0,0.0
3386,проблемныевопросы:,1224.0,0.0,1224.0,0.0,0.0
22833,контракт№,1305.0,0.0,1220.0,85.0,0.0
818,стропальщик,3518.0,2.0,1219.0,154.0,2143.0
3946,монтажметаллоконструкций,2262.0,0.0,1210.0,215.0,837.0
660,ресурсы,1886.0,4.0,1209.0,666.0,7.0
32,объемыработпопроекту,1881.0,58.0,1206.0,617.0,0.0
14789,генподряднаяорганизация:,1289.0,0.0,1204.0,85.0,0.0
38,идентификаторguid,1395.0,58.0,1185.0,152.0,0.0
3452,бензовоз,1302.0,0.0,1183.0,16.0,103.0
59,начальникукс,1330.0,32.0,1180.0,118.0,0.0
34381,монтажтрубопроводов,2249.0,0.0,1174.0,135.0,940.0
3476,сводкаповыполнениюстрительно-монтажныхработ,1164.0,0.0,1164.0,0.0,0.0
4604,самосвал,2231.0,0.0,1160.0,249.0,822.0
7609,вахтовыйавтобус,1211.0,0.0,1157.0,51.0,3.0
41,фио,1554.0,47.0,1155.0,351.0,1.0
7233,выполненоранее,1210.0,0.0,1155.0,49.0,6.0
800,трубоукладчик,1510.0,2.0,1149.0,177.0,182.0
1116,занеделю,2439.0,1.0,1141.0,0.0,1297.0
3351,изолировщик,2430.0,0.0,1139.0,75.0,1216.0
42,тел,1533.0,47.0,1135.0,351.0,0.0
27,e-mail,1533.0,47.0,1135.0,351.0,0.0
22884,прочиеработы,1159.0,0.0,1133.0,26.0,0.0
3457,механизатор,1157.0,0.0,1121.0,35.0,1.0
4617,маляр,1872.0,0.0,1116.0,59.0,697.0
24902,видработ(физика),1137.0,0.0,1105.0,32.0,0.0
12601,%выполненияплана(фо),1104.0,0.0,1104.0,0.0,0.0
40441,"ао""евракор""",1098.0,0.0,1098.0,0.0,0.0
18285,фактнадату(фо),1095.0,0.0,1095.0,0.0,0.0
9754,планнадату(фо),1095.0,0.0,1095.0,0.0,0.0
34108,выполненосначмесяцафакт(фо),1089.0,0.0,1089.0,0.0,0.0
33480,выполненосначмесяцаплан(фо),1089.0,0.0,1089.0,0.0,0.0
34075,отклонениев%отплананадату,1089.0,0.0,1089.0,0.0,0.0
5450,"ооо""велесстрой""",1088.0,0.0,1088.0,0.0,0.0
24583,заданиесмготобщегообъемаработ,1086.0,0.0,1086.0,0.0,0.0
37,ответственныезапредставленнуюинформацию:,1499.0,43.0,1086.0,370.0,0.0
34345,отподрядчика,1114.0,0.0,1084.0,30.0,0.0
749,геодезист,3432.0,2.0,1080.0,191.0,2159.0
33819,долявот100%трзсмгпланнадату,1075.0,0.0,1075.0,0.0,0.0
33499,долявот100%трзсмгфактнадату,1075.0,0.0,1075.0,0.0,0.0
15638,отклонениедолив%отплананадату,1074.0,0.0,1074.0,0.0,0.0
7895,"ооо""уренгойдорстрой""",1071.0,0.0,1071.0,0.0,0.0
40892,объёмпордработвходящихвмсг,1070.0,0.0,1070.0,0.0,0.0
22079,отзаказчика,1103.0,0.0,1070.0,33.0,0.0
6725,"ооо""нвдс""",1071.0,0.0,1068.0,3.0,0.0
38666,сводзамесяц,1065.0,0.0,1065.0,0.0,0.0
5786,пс,1516.0,0.0,1062.0,15.0,439.0
73822,%отклоненияотплана,1061.0,0.0,1061.0,0.0,0.0
210,дата,1172.0,2.0,1059.0,111.0,0.0
21702,упсг,1059.0,0.0,1059.0,0.0,0.0
28987,"отчётолюдскихитехническихресурсахзадействованныхнастроительствеобъекта""обпвжкхал""",1056.0,0.0,1056.0,0.0,0.0
4485,цпс,1052.0,0.0,1050.0,2.0,0.0
34465,бурильнаямашина,1064.0,0.0,1049.0,15.0,0.0
4514,гтэс,1441.0,0.0,1048.0,4.0,389.0
16218,выполненосначаластроительства(%),1047.0,0.0,1047.0,0.0,0.0
17720,замесяц(%),1047.0,0.0,1047.0,0.0,0.0
34051,слесарьмонтажник,1057.0,0.0,1044.0,13.0,0.0
3442,электромонтажник,3097.0,0.0,1043.0,210.0,1844.0
6868,каток,1973.0,0.0,1041.0,221.0,711.0
3832,взис,1040.0,0.0,1038.0,2.0,0.0
768,разнорабочий,2692.0,2.0,1038.0,80.0,1572.0
40704,"ооо""радр""",1037.0,0.0,1037.0,0.0,0.0
75147,"нао""премьерстрой""",1035.0,0.0,1035.0,0.0,0.0
3415,погрузчик,1152.0,0.0,1034.0,118.0,0.0
24187,свайныеработы,1596.0,0.0,1033.0,0.0,563.0
3603,"ооо""стройэлектромонтаж""",1044.0,0.0,1031.0,8.0,5.0
23334,вп,1030.0,0.0,1030.0,0.0,0.0
67572,"ооо""аргос-прометей""",1025.0,0.0,1025.0,0.0,0.0
7278,"ооо""инжиниринг""",1017.0,0.0,1017.0,0.0,0.0
41613,"заопг""проминдустрия""",1157.0,0.0,1017.0,24.0,116.0
7258,"ооо""снгальянс""",1084.0,0.0,1015.0,69.0,0.0
826,слесарь,1336.0,2.0,1014.0,12.0,308.0
3698,"заонпо""центрспециальныхсистем""",1015.0,0.0,1014.0,1.0,0.0
41693,"ао""гк""русгазинжиниринг""",1013.0,0.0,1013.0,0.0,0.0
1447,мп,3274.0,16.0,1013.0,151.0,2094.0
76051,"ооо""вега-траст""",1011.0,0.0,1011.0,0.0,0.0
65514,псп,1014.0,0.0,1011.0,3.0,0.0
47113,наладчик,1177.0,0.0,1010.0,0.0,167.0
6817,вжк,1011.0,0.0,1009.0,2.0,0.0
94509,"ооо""союзстройкомплекс""",1009.0,0.0,1009.0,0.0,0.0
75906,русгазинжиниринг,1008.0,0.0,1008.0,0.0,0.0
75213,"ооо""таргинбурение""",1007.0,0.0,1007.0,0.0,0.0
73858,"ооо""спецмонтажстрой""",1045.0,0.0,1007.0,38.0,0.0
73907,ооомостострой-12,1007.0,0.0,1007.0,0.0,0.0
75254,сотрудникидо,1007.0,0.0,1007.0,0.0,0.0
76446,ооо«инжэнерго»,1007.0,0.0,1007.0,0.0,0.0
74687,"ооо""энерготехсервис""",1016.0,0.0,1007.0,9.0,0.0
75843,"ооо""пургеоком""",1007.0,0.0,1007.0,0.0,0.0
74535,"ооо""стгм""",1051.0,0.0,1007.0,44.0,0.0
75148,2015/89-гпн-рот16032015г,1007.0,0.0,1007.0,0.0,0.0
75935,"ооо ""росавтодорремонт""",1007.0,0.0,1007.0,0.0,0.0
74559,"зао""тюменьнипинефть""",1007.0,0.0,1007.0,0.0,0.0
74662,"ооо""нова""",1046.0,0.0,1007.0,39.0,0.0
76040,"ооо""комплектмонтажстрой""",1095.0,0.0,1007.0,88.0,0.0
75194,2014/265-гпн-рот24102014г,1007.0,0.0,1007.0,0.0,0.0
76072,2014/49-гпн-рот18022014г,1007.0,0.0,1007.0,0.0,0.0
74723,"ооо""кнгбурение""",1007.0,0.0,1007.0,0.0,0.0
76283,"заотрест""коксохиммонтаж""",1030.0,0.0,1007.0,23.0,0.0
76421,"пао""гипротюменнефтегаз""",1007.0,0.0,1007.0,0.0,0.0
74869,"ооо""талспецстрой""",1071.0,0.0,1007.0,64.0,0.0
76390,"ооо""бкевразия""",1007.0,0.0,1007.0,0.0,0.0
75183,"ооо""аргос""филиалооо""аргос""-кедр",1007.0,0.0,1007.0,0.0,0.0
75818,подрядчикипосмр,1007.0,0.0,1007.0,0.0,0.0
76360,лот№1,1007.0,0.0,1007.0,0.0,0.0
74183,"ооо""нг-энерго""",1008.0,0.0,1007.0,1.0,0.0
74444,"доао""спецгазавтотранс""оао""газпром""",1007.0,0.0,1007.0,0.0,0.0
74358,нетподрядчика,1007.0,0.0,1007.0,0.0,0.0
75531,"оооск""ювис""",1036.0,0.0,1007.0,29.0,0.0
74534,"оао""уэск""",1007.0,0.0,1007.0,0.0,0.0
75202,"ооопсо""проммонтажстрой""",1007.0,0.0,1007.0,0.0,0.0
74359,"ооо""геострой""",1007.0,0.0,1007.0,0.0,0.0
74178,"ооо""югранефтегазпроект""",1007.0,0.0,1007.0,0.0,0.0
74055,"ооо""гкэфэск""",1025.0,0.0,1007.0,18.0,0.0
73729,укпг,1008.0,0.0,1006.0,2.0,0.0
97971,кс,1091.0,0.0,1005.0,86.0,0.0
97030,ад,1489.0,0.0,1005.0,9.0,475.0
96086,вз,1006.0,0.0,1005.0,1.0,0.0
7275,"ооо""оптилан""",1031.0,0.0,1004.0,27.0,0.0
102000,упсв,1003.0,0.0,1003.0,0.0,0.0
101922,мун,1002.0,0.0,1002.0,0.0,0.0
101992,мессояхазмлу,1002.0,0.0,1002.0,0.0,0.0
101959,новыйпортфаза3,1002.0,0.0,1002.0,0.0,0.0
101990,"ооо""нефтесервиснаякомпания""",1011.0,0.0,1002.0,9.0,0.0
101924,сг,1002.0,0.0,1002.0,0.0,0.0
101996,"ао""нипигазпереработка""",1002.0,0.0,1002.0,0.0,0.0
101968,"ооо""теплолюкс-тюмень""",1026.0,0.0,1002.0,24.0,0.0
101961,проч,1002.0,0.0,1002.0,0.0,0.0
101987,мессояхагаз,1002.0,0.0,1002.0,0.0,0.0
101962,г/пгпэс,1002.0,0.0,1002.0,0.0,0.0
101983,лотсмр1этап,1002.0,0.0,1002.0,0.0,0.0
101976,"ооо""автоматика-сервис""",1002.0,0.0,1002.0,0.0,0.0
101965,г/п,1002.0,0.0,1002.0,0.0,0.0
101937,чона(гпн-ангара)фаза11,1002.0,0.0,1002.0,0.0,0.0
101971,данные,1004.0,0.0,1002.0,2.0,0.0
101969,"проект""газ""томскфаза1",1002.0,0.0,1002.0,0.0,0.0
101966,капитальныйпроект,1002.0,0.0,1002.0,0.0,0.0
101967,бадра,1002.0,0.0,1002.0,0.0,0.0
101985,гпэснапсп,1002.0,0.0,1002.0,0.0,0.0
101945,подрядчик,1036.0,0.0,1002.0,27.0,7.0
102004,мессояхафаза22,1002.0,0.0,1002.0,0.0,0.0
102006,мессояхафаза1,1002.0,0.0,1002.0,0.0,0.0
101939,загрос,1002.0,0.0,1002.0,0.0,0.0
101926,"ооо""тюменскаяинженернаякомпания""",1002.0,0.0,1002.0,0.0,0.0
101942,крупныйпроект,1002.0,0.0,1002.0,0.0,0.0
101954,поямал(яро-яха),1002.0,0.0,1002.0,0.0,0.0
102041,отдаленнаягруппаместорожденийфаза2,1002.0,0.0,1002.0,0.0,0.0
102040,новыйпортфаза1,1002.0,0.0,1002.0,0.0,0.0
101930,куюмба,1002.0,0.0,1002.0,0.0,0.0
101947,"ооо""промметаллозащита""",1010.0,0.0,1002.0,8.0,0.0
101948,"ооо""сибкомтел""",1009.0,0.0,1002.0,7.0,0.0
102039,название,1014.0,0.0,1002.0,12.0,0.0
102038,ннт,1002.0,0.0,1002.0,0.0,0.0
102037,"ооо""капиталгруппспб""",1002.0,0.0,1002.0,0.0,0.0
102030,ннп,1002.0,0.0,1002.0,0.0,0.0
101949,питбо,1002.0,0.0,1002.0,0.0,0.0
102024,неопределен,1015.0,0.0,1002.0,13.0,0.0
102021,окм,1002.0,0.0,1002.0,0.0,0.0
102015,каменномысское(суша)фаза1,1002.0,0.0,1002.0,0.0,0.0
102014,лотантикор,1002.0,0.0,1002.0,0.0,0.0
102013,новыйпортфаза2,1002.0,0.0,1002.0,0.0,0.0
101920,грр,1002.0,0.0,1002.0,0.0,0.0
102012,хал,1002.0,0.0,1002.0,0.0,0.0
101950,новыйпортфазагаз,1002.0,0.0,1002.0,0.0,0.0
101935,лотограждения,1002.0,0.0,1002.0,0.0,0.0
102011,пжк,1002.0,0.0,1002.0,0.0,0.0
101943,тазовскийфаза1,1002.0,0.0,1002.0,0.0,0.0
101936,отдаленнаягруппаместорожденийфаза1,1002.0,0.0,1002.0,0.0,0.0
101953,лэп,1002.0,0.0,1002.0,0.0,0.0
102010,отдаленнаягруппаместорожденийфаза3,1002.0,0.0,1002.0,0.0,0.0
101938,северо-самбургфаза1,1002.0,0.0,1002.0,0.0,0.0
32452,вибропогружатель,998.0,0.0,998.0,0.0,0.0
51678,вентиляционщик,1003.0,0.0,997.0,6.0,0.0
68931,сварочныйкомплекс,991.0,0.0,991.0,0.0,0.0
8381,водовоз,1000.0,0.0,990.0,10.0,0.0
3081,бурениелидерныхскважин,1557.0,0.0,983.0,7.0,567.0
104,ст,1537.0,13.0,977.0,213.0,334.0
13589,всегофопопроекту,975.0,0.0,975.0,0.0,0.0
1333,разработкагрунта,2103.0,1.0,973.0,60.0,1069.0
111160,машинистводители,966.0,0.0,966.0,0.0,0.0
37069,сваебой,1368.0,0.0,966.0,14.0,388.0
111134,монтажниктт(технологическихтрубопроводов),965.0,0.0,965.0,0.0,0.0
100276,пск(передвижнойсварочныйкомплекс),965.0,0.0,965.0,0.0,0.0
111106,сварщиктт(технологическихтрубопроводов),965.0,0.0,965.0,0.0,0.0
111172,апс(агрегатпередвижнойсварочный),965.0,0.0,965.0,0.0,0.0
111128,адд(дизельныйсварочныйагрегат),965.0,0.0,965.0,0.0,0.0
111179,тягачтягачседельныйтрал,965.0,0.0,965.0,0.0,0.0
111146,итр(инженерно-техническийперсонал),964.0,0.0,964.0,0.0,0.0
111141,прочаятехника,979.0,0.0,964.0,15.0,0.0
111171,дэс(дизельнаяэлектростанция),963.0,0.0,963.0,0.0,0.0
37611,отделочник,962.0,0.0,962.0,0.0,0.0
111143,сварщикмк(металлоконструкций),962.0,0.0,962.0,0.0,0.0
111148,ппу(передвижнаяпароваяустановка),962.0,0.0,962.0,0.0,0.0
111154,прочиеспециальности,962.0,0.0,962.0,0.0,0.0
111163,монтажникмк(металлоконструкций),962.0,0.0,962.0,0.0,0.0
92901,сначаластроительстванарастающимитогомпообъемаммсг,962.0,0.0,962.0,0.0,0.0
111165,бурильщикпомошникбурильщика,961.0,0.0,961.0,0.0,0.0
111116,автомеханик,960.0,0.0,960.0,0.0,0.0
111138,бортовойавтомобиль,1068.0,0.0,959.0,109.0,0.0
4361,кт,1076.0,0.0,958.0,118.0,0.0
101041,сантехник,1003.0,0.0,958.0,45.0,0.0
110468,покрасочныйагрегат,957.0,0.0,957.0,0.0,0.0
111108,кровельщик,956.0,0.0,956.0,0.0,0.0
111152,кранстреловой,956.0,0.0,956.0,0.0,0.0
111178,бетономешалка,1092.0,0.0,956.0,2.0,134.0
37272,слесарькипиа,959.0,0.0,953.0,6.0,0.0
111161,деффектоскопист,952.0,0.0,952.0,0.0,0.0
1247,монтажоборудования,3210.0,11.0,951.0,132.0,2116.0
93138,кодобъекта,943.0,0.0,943.0,0.0,0.0
27348,смркммет,963.0,0.0,943.0,20.0,0.0
0,начальникпоом,989.0,36.0,940.0,13.0,0.0
111150,арок(агрегатремонтаиобслуживания),939.0,0.0,939.0,0.0,0.0
5727,монтажзра,1372.0,0.0,925.0,29.0,418.0
17391,бетонныеработы,1143.0,0.0,923.0,30.0,190.0
26076,смртрузра,912.0,0.0,907.0,5.0,0.0
2006,№,1369.0,12.0,901.0,31.0,425.0
784,монтажник,2995.0,2.0,896.0,215.0,1882.0
28601,смрземзас,918.0,0.0,893.0,25.0,0.0
24655,смркабсла,900.0,0.0,890.0,10.0,0.0
2025,пуско-наладочныеработы,963.0,8.0,890.0,65.0,0.0
94489,причинаотклонения,891.0,0.0,888.0,3.0,0.0
81050,факт/прогноз,883.0,0.0,883.0,0.0,0.0
111162,наименованиеключевогособытия,882.0,0.0,882.0,0.0,0.0
111177,ф,883.0,0.0,882.0,1.0,0.0
111129,проблемныйвопрос,883.0,0.0,882.0,1.0,0.0
111122,типвехи,882.0,0.0,882.0,0.0,0.0
111117,предлагаемоерешение,882.0,0.0,882.0,0.0,0.0
111921,плотникбетонщикарматурщик,881.0,0.0,881.0,0.0,0.0
69748,смртрутру,874.0,0.0,873.0,1.0,0.0
29094,смрземраз,889.0,0.0,872.0,17.0,0.0
3552,бурениескважин,2342.0,0.0,870.0,46.0,1426.0
74386,смракзмк,866.0,0.0,866.0,0.0,0.0
41152,монтажсиловогокабеля,908.0,0.0,860.0,48.0,0.0
3329,сварщик,1233.0,0.0,858.0,39.0,336.0
1255,монтажкабельныхполок,1795.0,2.0,857.0,0.0,936.0
5736,монтажкабельныхлотков,1885.0,0.0,854.0,35.0,996.0
59169,названиевидаработ,853.0,0.0,853.0,0.0,0.0
57892,доляв100%смг(план)планнадату%,853.0,0.0,853.0,0.0,0.0
57742,доляв100%смг(факт)фактнадату%,853.0,0.0,853.0,0.0,0.0
1263,монтажкабельныхстоек,1674.0,2.0,851.0,0.0,821.0
29053,смрсвамет,878.0,0.0,848.0,30.0,0.0
38834,отсыпкащебнем,846.0,0.0,846.0,0.0,0.0
73875,монтажмарокгтм,845.0,0.0,845.0,0.0,0.0
72411,вналичии,850.0,0.0,843.0,6.0,1.0
4853,отсыпкапеском,844.0,0.0,843.0,1.0,0.0
1398,монтажблок-бокса,1006.0,1.0,841.0,5.0,159.0
52282,монтажфутляра,889.0,0.0,836.0,7.0,46.0
54440,монтажкабеленесущихсистем,830.0,0.0,830.0,0.0,0.0
55725,смробоемк,824.0,0.0,824.0,0.0,0.0
1613,монтажстоек,1900.0,1.0,821.0,73.0,1005.0
111166,видыработдлярасчета,821.0,0.0,821.0,0.0,0.0
25178,смрарзз,820.0,0.0,820.0,0.0,0.0
41260,монтажкабеляпожарнойсигнализации,817.0,0.0,817.0,0.0,0.0
3450,монтажопор,3794.0,0.0,814.0,148.0,2832.0
870,обратнаязасыпка,944.0,5.0,814.0,68.0,57.0
40994,монтажприборовкипиа,1183.0,0.0,813.0,51.0,319.0
41274,монтажопортрубопровода,812.0,0.0,812.0,0.0,0.0
111157,сначаластроительствадотекущегомесяца,811.0,0.0,811.0,0.0,0.0
40944,монтажкабеляэлектрообогрева,820.0,0.0,810.0,10.0,0.0
41651,смркабст,809.0,0.0,805.0,4.0,0.0
40955,устройствоводоотводныхлотков,802.0,0.0,802.0,0.0,0.0
5586,акзтрубопроводов,853.0,0.0,795.0,58.0,0.0
111126,монтажкабеляиэлектротехническогооборудования,794.0,0.0,794.0,0.0,0.0
111136,антикоррозионныеиизоляционныеработы,792.0,0.0,792.0,0.0,0.0
69787,смрэлектрсил,797.0,0.0,791.0,6.0,0.0
2859,чел,907.0,4.0,790.0,113.0,0.0
111173,инжернаяподготовкаиземлеустроительныеработы,790.0,0.0,790.0,0.0,0.0
41003,монтажплиттротуарных,789.0,0.0,789.0,0.0,0.0
41107,укладкагеорешетки,804.0,0.0,789.0,15.0,0.0
111133,монтажосновногоипрочегооборудования,787.0,0.0,787.0,0.0,0.0
47280,смркаблот,787.0,0.0,786.0,1.0,0.0
31,-,1202.0,21.0,785.0,247.0,149.0
8387,монтажоголовников,847.0,0.0,783.0,64.0,0.0
93329,монтажкомплектасоляногозаземления,783.0,0.0,783.0,0.0,0.0
32679,сборочно-сварочныеработытрубопроводов,782.0,0.0,782.0,0.0,0.0
41801,подвескагрозозащитноготроса,781.0,0.0,781.0,0.0,0.0
41166,уплотнениегрунта,2176.0,0.0,772.0,22.0,1382.0
93545,теплоизоляциястыка,771.0,0.0,771.0,0.0,0.0
21,руководительштаба,818.0,36.0,769.0,13.0,0.0
48438,смркабэо,764.0,0.0,764.0,0.0,0.0
29973,заземление,1000.0,0.0,762.0,13.0,225.0
4790,сафиулинрр,761.0,0.0,761.0,0.0,0.0
93477,установкавскважинысвай,761.0,0.0,761.0,0.0,0.0
93124,монтажкабеляасутп,761.0,0.0,761.0,0.0,0.0
92966,теплоизоляциясварногостыка,761.0,0.0,761.0,0.0,0.0
93141,укладкатрубопроводанаопоры,757.0,0.0,757.0,0.0,0.0
93337,рекультивацияшламовогоамбара,756.0,0.0,756.0,0.0,0.0
59893,смртруисп,760.0,0.0,756.0,4.0,0.0
93367,монтажметаллоконструкцийоснования,811.0,0.0,755.0,56.0,0.0
41349,устройствопрослойкиизнсм,755.0,0.0,755.0,0.0,0.0
40984,вертикальнаяпланировка,1068.0,0.0,754.0,42.0,272.0
93642,смрпрчпроч,753.0,0.0,753.0,0.0,0.0
70019,монтажлотковикоробов,766.0,0.0,750.0,16.0,0.0
55784,монтажкабелейасутпкипиа,764.0,0.0,748.0,16.0,0.0
93473,монтажопн,1232.0,0.0,747.0,0.0,485.0
20167,пнр,4163.0,0.0,747.0,213.0,3203.0
1005,примечание:,991.0,2.0,746.0,243.0,0.0
34995,монтажкабелясилового,787.0,0.0,746.0,41.0,0.0
48164,смртруоп,745.0,0.0,744.0,1.0,0.0
111145,внутренняяотделкаблочно-модульныхзданий,742.0,0.0,742.0,0.0,0.0
93496,монтажоборудованияасутп,741.0,0.0,741.0,0.0,0.0
69704,смрэлектркороб,739.0,0.0,739.0,0.0,0.0
93466,изоляциясварногостыкаманжетами,739.0,0.0,739.0,0.0,0.0
3357,монтажтраверс,1676.0,0.0,738.0,68.0,870.0
21181,испытаниятрубопроводов,968.0,0.0,738.0,34.0,196.0
93589,устройствозаполненногодеформационногошва,738.0,0.0,738.0,0.0,0.0
111153,монтажвысоковольтныхлиний,737.0,0.0,737.0,0.0,0.0
1619,монтажоголовков,928.0,1.0,735.0,192.0,0.0
93560,главспециалистксп,733.0,0.0,733.0,0.0,0.0
5435,теплоизоляциятрубопроводов,1525.0,0.0,733.0,108.0,684.0
5733,монтажлестницогражденийплощадок,730.0,0.0,730.0,0.0,0.0
6758,установкатермостабилизаторов,755.0,0.0,728.0,27.0,0.0
5754,акзмк,726.0,0.0,726.0,0.0,0.0
115300,монтажемкостногооборудования,742.0,0.0,726.0,16.0,0.0
5802,акзметаллоконструкций,782.0,0.0,725.0,57.0,0.0
93788,смркмммк,725.0,0.0,725.0,0.0,0.0
3399,монтажригелей,784.0,0.0,723.0,61.0,0.0
23141,монтажтехнологическогооборудования,794.0,0.0,721.0,73.0,0.0
11195,устройствотеплоизоляции,956.0,0.0,718.0,71.0,167.0
93174,монтажщитапожарногоскомплектующими,712.0,0.0,712.0,0.0,0.0
93303,подвескапроводавл,710.0,0.0,710.0,0.0,0.0
115360,монтажсоединительныхкоробокимуфт,707.0,0.0,707.0,0.0,0.0
93658,монтажтрубопроводовсустановкойфасонины,707.0,0.0,707.0,0.0,0.0
35417,монтажблок-боксов,705.0,0.0,705.0,0.0,0.0
315,т,2682.0,17.0,705.0,119.0,1841.0
1968,кол-во,791.0,11.0,702.0,61.0,17.0
1661,испытаниетрубопроводов,1300.0,1.0,700.0,33.0,566.0
102956,монтажкабелейэлектрообогрева,714.0,0.0,698.0,16.0,0.0
93651,монтажкабельныхмуфт,710.0,0.0,692.0,18.0,0.0
5494,монтажнастила,758.0,0.0,691.0,67.0,0.0
97448,укладкатротуарныхплит6к7,690.0,0.0,690.0,0.0,0.0
4573,монтажтермостабилизаторов,763.0,0.0,684.0,79.0,0.0
27784,смрсвабур,678.0,0.0,678.0,0.0,0.0
58206,смртсгтерм,678.0,0.0,678.0,0.0,0.0
102796,погружениесвайметаллических,694.0,0.0,678.0,16.0,0.0
3674,монтажёмкости,708.0,0.0,677.0,0.0,31.0
93519,монтажводопропускнойтрубы,678.0,0.0,676.0,2.0,0.0
24225,смрсваог,691.0,0.0,675.0,16.0,0.0
41673,устройствосекцийметалическогоограждениясекция,674.0,0.0,674.0,0.0,0.0
4305,монтажмачтыпрожекторной,694.0,0.0,673.0,21.0,0.0
93806,монтажкабеляопс,666.0,0.0,666.0,0.0,0.0
99174,монтажтеплоизоляциитрубопровода,777.0,0.0,665.0,0.0,112.0
5490,абрамовдв,663.0,0.0,663.0,0.0,0.0
57196,монтажпрочегооборудования,665.0,0.0,662.0,3.0,0.0
1218,монтажпрожекторноймачты,1028.0,2.0,662.0,35.0,329.0
1170,разработкагрунтаподемкость,705.0,3.0,662.0,40.0,0.0
4862,акзметаллоконструкцийоснования,675.0,0.0,661.0,14.0,0.0
21810,тк,660.0,0.0,660.0,0.0,0.0
41927,монтажшкафа,662.0,0.0,659.0,3.0,0.0
99354,монтажкожухаизоцинкованнойстали,659.0,0.0,659.0,0.0,0.0
115358,монтажпокрытияизоцинкованноголиста,658.0,0.0,658.0,0.0,0.0
115320,устройствопеноплекса,678.0,0.0,658.0,20.0,0.0
98777,установкатермостабилизатора,658.0,0.0,658.0,0.0,0.0
70644,подвескапровода,668.0,0.0,658.0,10.0,0.0
93776,монтажприборовопс,656.0,0.0,656.0,0.0,0.0
73847,0x17,656.0,0.0,656.0,0.0,0.0
93744,смрэлектрксз,654.0,0.0,654.0,0.0,0.0
38758,обратнаязасыпкагрунта,658.0,0.0,651.0,0.0,7.0
36904,монтажактивногосоляногозаземления,651.0,0.0,651.0,0.0,0.0
100622,установкаопор/порталов,650.0,0.0,650.0,0.0,0.0
41959,монтажлестниц,2339.0,0.0,650.0,12.0,1677.0
3358,монтажмачты,728.0,0.0,650.0,78.0,0.0
92978,монтажприборов,832.0,0.0,649.0,34.0,149.0
342,контрольсварныхсоединений,859.0,4.0,648.0,12.0,195.0
100648,монтажростверковиопорныхконструкцийподпорталыопорывл,646.0,0.0,646.0,0.0,0.0
93269,смробомонт,645.0,0.0,645.0,0.0,0.0
99263,монтажизмерительнойустановки,644.0,0.0,644.0,0.0,0.0
93605,монтажкомплектующихмачтыпрожекторной,643.0,0.0,643.0,0.0,0.0
9224,монтажмолниеотвода,1069.0,0.0,643.0,73.0,353.0
133878,планмаксимум,642.0,0.0,642.0,0.0,0.0
100591,укладкаэлектрода(соляноезаземление),642.0,0.0,642.0,0.0,0.0
93088,пнропс,962.0,0.0,641.0,2.0,319.0
98985,монтажплощадкиобслуживанияскважины,640.0,0.0,640.0,0.0,0.0
102449,монтажшкафауправленияэлектрообогревом,640.0,0.0,640.0,0.0,0.0
4794,пескоструйныйаппарат,840.0,0.0,640.0,200.0,0.0
76262,смринжуклтр,637.0,0.0,637.0,0.0,0.0
99304,монтажблокапереключателяскважинмногоходового,637.0,0.0,637.0,0.0,0.0
115340,бетоннаяподготовкаибетон,636.0,0.0,636.0,0.0,0.0
100654,монтажпмр,636.0,0.0,636.0,0.0,0.0
8451,монтажкровли,701.0,0.0,636.0,32.0,33.0
1987,монтажплощадкиобслуживания,643.0,8.0,635.0,0.0,0.0
99782,укладкаполосовогозаземления,634.0,0.0,634.0,0.0,0.0
31233,монтажвоздуховодов,659.0,0.0,634.0,25.0,0.0
7136,монтажопорподтрубопровод,634.0,0.0,634.0,0.0,0.0
99865,монтажоборудованиясистемывидеонаблюдения,634.0,0.0,634.0,0.0,0.0
99483,монтажоборудованиятелефоннойсвязи,634.0,0.0,634.0,0.0,0.0
93743,монтажоборудованияпередачиданных,633.0,0.0,633.0,0.0,0.0
1567,монтажкамерысод,661.0,1.0,633.0,27.0,0.0
1660,монтажпанелейограждения,695.0,1.0,633.0,61.0,0.0
41340,устройствопрослойкиизгеорешетки,633.0,0.0,633.0,0.0,0.0
99002,изготовлениефутляраподтрубопровод,633.0,0.0,633.0,0.0,0.0
35455,монтажтрубопроводовсустановкойфасонныхчастей,631.0,0.0,631.0,0.0,0.0
3098,"зао""премьерстройдизайн""",631.0,0.0,631.0,0.0,0.0
98736,укладкафутляравтраншею,629.0,0.0,629.0,0.0,0.0
7046,монтажкамерызапускасод,629.0,0.0,629.0,0.0,0.0
102646,пнрсистемыэлектрообогрева,636.0,0.0,628.0,8.0,0.0
101932,монтаждеталейтрубопроводов,628.0,0.0,628.0,0.0,0.0
69509,**,631.0,0.0,628.0,3.0,0.0
102993,монтажблочно-вспомогательногооборудования,644.0,0.0,628.0,16.0,0.0
93418,монтажнагревателянефтипоточного,627.0,0.0,627.0,0.0,0.0
115333,планировкаоткосовнасыпи/выемки,627.0,0.0,627.0,0.0,0.0
98764,протаскиваниетрубывфутляр,627.0,0.0,627.0,0.0,0.0
99215,монтажкамерыпускасод,625.0,0.0,625.0,0.0,0.0
7535,автогрейдер,890.0,0.0,625.0,234.0,31.0
1547,монтажстоекограждения,641.0,1.0,625.0,15.0,0.0
98445,устройствотермометрическихскважин,661.0,0.0,624.0,37.0,0.0
107180,монтажогражденияузла,744.0,0.0,624.0,0.0,120.0
100638,бурениелидерныхскважин(реклоузер),624.0,0.0,624.0,0.0,0.0
100633,установкавскважинысвай(реклоузер),624.0,0.0,624.0,0.0,0.0
56112,смргтммар,623.0,0.0,623.0,0.0,0.0
115835,сборкаопор/порталов,623.0,0.0,623.0,0.0,0.0
104087,монтажасутпблокаконтроляиуправления,622.0,0.0,622.0,0.0,0.0
99949,монтажбрв/удх,622.0,0.0,622.0,0.0,0.0
98897,монтажблокауэцн,622.0,0.0,622.0,0.0,0.0
99476,пнроборудованияасутпблокаконтроляиуправления,622.0,0.0,622.0,0.0,0.0
115347,установкадорзнаков,624.0,0.0,622.0,2.0,0.0
100652,монтажоголовников(реклоузер),622.0,0.0,622.0,0.0,0.0
69707,монтажктп,641.0,0.0,622.0,19.0,0.0
101533,монтажстоек(лч),621.0,0.0,621.0,0.0,0.0
101363,монтажблоковфбс,630.0,0.0,621.0,9.0,0.0
101654,монтажригелей(лч),621.0,0.0,621.0,0.0,0.0
100419,акзметаллоконструкций(реклоузер),620.0,0.0,620.0,0.0,0.0
102803,установкаопознавательныхзнаков,636.0,0.0,620.0,16.0,0.0
100676,монтажметаллоконструкцийоснования(реклоузер),619.0,0.0,619.0,0.0,0.0
114355,укладкаактивногосоляногозаземления,619.0,0.0,619.0,0.0,0.0
116217,установкадорожныхзнаков,677.0,0.0,619.0,11.0,47.0
8689,монтажплитпдн,1241.0,0.0,619.0,30.0,592.0
100710,монтажлестницогражденийплощадок(реклоузер),618.0,0.0,618.0,0.0,0.0
36535,дорожныйрабочий,629.0,0.0,618.0,11.0,0.0
76195,смринжщеб,617.0,0.0,617.0,0.0,0.0
106091,монтажкабелялиниисвязи,616.0,0.0,616.0,0.0,0.0
116153,устройствообвалованияпопериметрукустовойплощадки,616.0,0.0,616.0,0.0,0.0
101489,монтажтраверс(лч),616.0,0.0,616.0,0.0,0.0
116178,укреплениеоткосовкустовойплощадки,615.0,0.0,615.0,0.0,0.0
41404,отсыпкагрунтом,614.0,0.0,614.0,0.0,0.0
40941,установкасигнальныхстолбиков,771.0,0.0,614.0,9.0,148.0
82650,*,623.0,0.0,614.0,9.0,0.0
41276,укреплениеобочинщебнем,616.0,0.0,614.0,2.0,0.0
102167,монтажэлектротехноческогооборудованияэрэо,615.0,0.0,614.0,1.0,0.0
116176,макс,613.0,0.0,613.0,0.0,0.0
116201,устройствощебеночногопокрытиявнутриплощадочныхпроездовиплощадок,613.0,0.0,613.0,0.0,0.0
99378,устройствощебеночногопокрытияплощадкипожарнойтехники,613.0,0.0,613.0,0.0,0.0
116136,сборочно-сварочныеработынаузлу,613.0,0.0,613.0,0.0,0.0
116215,отсыпкаплощадкишебнем,612.0,0.0,612.0,0.0,0.0
116216,маш,612.0,0.0,612.0,0.0,0.0
116214,слесаьмонтажник,612.0,0.0,612.0,0.0,0.0
116218,рв,612.0,0.0,612.0,0.0,0.0
116167,сводка!,612.0,0.0,612.0,0.0,0.0
116208,средн,612.0,0.0,612.0,0.0,0.0
116166,**навыборподрядчика,612.0,0.0,612.0,0.0,0.0
116220,отсыпкасопряжениямостаснасыпью,612.0,0.0,612.0,0.0,0.0
116161,сменность,612.0,0.0,612.0,0.0,0.0
116205,укреплениеоткосовторфо-песчанойсмесьюспосевомтрав,612.0,0.0,612.0,0.0,0.0
116165,тракторгусеничный,612.0,0.0,612.0,0.0,0.0
116207,вибротрамбовка,781.0,0.0,612.0,0.0,169.0
116206,монтажригелейкэ,612.0,0.0,612.0,0.0,0.0
116169,сред,612.0,0.0,612.0,0.0,0.0
116204,загр,612.0,0.0,612.0,0.0,0.0
116202,диапазон,612.0,0.0,612.0,0.0,0.0
116200,монтажстоеккэ,622.0,0.0,612.0,0.0,10.0
116198,работа,3742.0,0.0,612.0,14.0,3116.0
116197,планировкаполотнаавтодороги,612.0,0.0,612.0,0.0,0.0
116195,*кол-воназначаетсяиндивидуально,612.0,0.0,612.0,0.0,0.0
116194,итогоедтехн,612.0,0.0,612.0,0.0,0.0
116192,людитехника!,612.0,0.0,612.0,0.0,0.0
116191,рес,612.0,0.0,612.0,0.0,0.0
116172,устройствобарьерныхогражденийиперил,612.0,0.0,612.0,0.0,0.0
116189,таблок,612.0,0.0,612.0,0.0,0.0
116184,необходимоекол-воресурсовнамесяц,612.0,0.0,612.0,0.0,0.0
116183,челм,612.0,0.0,612.0,0.0,0.0
116182,отсыпкаобочиныщебнем,612.0,0.0,612.0,0.0,0.0
116223,пр-тьвсмену,612.0,0.0,612.0,0.0,0.0
116180,%отклсмготрв,612.0,0.0,612.0,0.0,0.0
116224,устройствоводосбросныхсооруженийспроезжейчасти,612.0,0.0,612.0,0.0,0.0
116139,кол-ворес-внамесяц,612.0,0.0,612.0,0.0,0.0
116155,итогочел,612.0,0.0,612.0,0.0,0.0
116159,таблнач,612.0,0.0,612.0,0.0,0.0
116160,устройствоводопропускнойтрубы,637.0,0.0,612.0,25.0,0.0
116151,засыпкагеорешеткищебнем,612.0,0.0,612.0,0.0,0.0
116148,устройствогидроизоляцииопормостов,612.0,0.0,612.0,0.0,0.0
116143,укладкапереходныхплит,612.0,0.0,612.0,0.0,0.0
116158,монтажгоризонтальногонасосногокомплекса,612.0,0.0,612.0,0.0,0.0
116140,раб,612.0,0.0,612.0,0.0,0.0
116138,смглюдитехника,612.0,0.0,612.0,0.0,0.0
116137,устройствощебеночногопокрытияпроездовиплощадок,612.0,0.0,612.0,0.0,0.0
116134,монтажстальныхпролетныхстроений,612.0,0.0,612.0,0.0,0.0
116227,монтажгреющегокабеля(втчкабеляскинсистемы),612.0,0.0,612.0,0.0,0.0
116179,план/кол-во,612.0,0.0,612.0,0.0,0.0
116225,планировкагрунта,699.0,0.0,612.0,0.0,87.0
116157,←смотривплан,612.0,0.0,612.0,0.0,0.0
115299,монтажприборовкипиаасутп,613.0,0.0,611.0,2.0,0.0
133942,пнрэлектрическаявоздушнаялиния,610.0,0.0,610.0,0.0,0.0
129296,монтажтраверскэ,610.0,0.0,610.0,0.0,0.0
116226,смг!,610.0,0.0,610.0,0.0,0.0
116233,пнрсетейкипиа,610.0,0.0,610.0,0.0,0.0
116567,1)замена[ресурснаяведомость*******xlsx]напустоезнач,610.0,0.0,610.0,0.0,0.0
116570,4)ax-2=3(план)=79(факт),610.0,0.0,610.0,0.0,0.0
116571,"3)всмгстолбец""ca""(79)=столбец""c""(3)названиюстрокойвыше",610.0,0.0,610.0,0.0,0.0
116572,2)alamвлюдитехника,610.0,0.0,610.0,0.0,0.0
82342,итог,612.0,0.0,609.0,2.0,1.0
105438,монтажбрв,615.0,0.0,609.0,6.0,0.0
133926,пнроборудованиясистемыэмз,609.0,0.0,609.0,0.0,0.0
13939,доп,609.0,0.0,609.0,0.0,0.0
133902,монтажтрансформаторасобственныхнужд,608.0,0.0,608.0,0.0,0.0
133897,монтажблоказру10кв,608.0,0.0,608.0,0.0,0.0
133918,пнрзру35,608.0,0.0,608.0,0.0,0.0
133925,пнрктп,614.0,0.0,608.0,6.0,0.0
133917,монтажблоказру35кв,608.0,0.0,608.0,0.0,0.0
133935,монтажблокаконтроляиуправления,608.0,0.0,608.0,0.0,0.0
133936,пнртсн,608.0,0.0,608.0,0.0,0.0
133944,пнрору10,608.0,0.0,608.0,0.0,0.0
133904,устройствопереездовчерезэстакадутрубопроводов,608.0,0.0,608.0,0.0,0.0
133907,монтажустановкифильтрующихпескоотделителейгидроциклонных,608.0,0.0,608.0,0.0,0.0
133938,монтажудх,608.0,0.0,608.0,0.0,0.0
133928,монтажводоотводныхустройств,608.0,0.0,608.0,0.0,0.0
133915,пнрору35,608.0,0.0,608.0,0.0,0.0
133929,монтажфутляранадземного,608.0,0.0,608.0,0.0,0.0
133912,пнроборудованияасутпктп,608.0,0.0,608.0,0.0,0.0
133924,пнрэлектрооборудованиямолниезащитызаземления,608.0,0.0,608.0,0.0,0.0
133914,монтажблок-боксовподстанции35/10кв,608.0,0.0,608.0,0.0,0.0
133913,монтажустановкикомпенсацииреактивноймощности,608.0,0.0,608.0,0.0,0.0
133888,монтажблокаопорныхизоляторов35кв,608.0,0.0,608.0,0.0,0.0
133873,монтажтрансформаторатднс-10000/35/10,608.0,0.0,608.0,0.0,0.0
133862,пнрпс35/10кв,608.0,0.0,608.0,0.0,0.0
133864,монтажприборовасутп,608.0,0.0,608.0,0.0,0.0
133883,пнрзру10,608.0,0.0,608.0,0.0,0.0
115351,монтажосновногоэлектрооборудования,605.0,0.0,605.0,0.0,0.0
5344,сборкапрожекторноймачты,713.0,0.0,604.0,22.0,87.0
94423,монтажосновногооборудованиясистемовивк,603.0,0.0,603.0,0.0,0.0
94395,внутренняяотделка,602.0,0.0,602.0,0.0,0.0
35440,монтажм/коголовков,600.0,0.0,600.0,0.0,0.0
115302,разключениесиловыхкабелей,598.0,0.0,598.0,0.0,0.0
7165,сборкаопор,1398.0,0.0,596.0,30.0,772.0
94478,устройствоармокаркаса,606.0,0.0,591.0,15.0,0.0
102283,монтажкабелейсвязи(телсигнализацияоптичесий),606.0,0.0,590.0,16.0,0.0
3010,свкартавый,589.0,0.0,589.0,0.0,0.0
115303,планировкаверхаземляногополотнаобочиноткосов,589.0,0.0,588.0,1.0,0.0
23123,монтажсэндвич-панелей,624.0,0.0,588.0,36.0,0.0
101979,покрытиеизоляции,598.0,0.0,582.0,16.0,0.0
50123,монтажстоекиполок,611.0,0.0,581.0,30.0,0.0
43319,0x7,578.0,0.0,578.0,0.0,0.0
115319,устройствосекцийметалическогоограждения,578.0,0.0,578.0,0.0,0.0
115363,проведениегидроиспытаниярвс=10000,577.0,0.0,577.0,0.0,0.0
22138,устройствоколодцев,579.0,0.0,576.0,3.0,0.0
94456,окнадвери,578.0,0.0,576.0,0.0,2.0
115359,укладкапдн,573.0,0.0,573.0,0.0,0.0
102324,монтажсантехническихприборов,568.0,0.0,568.0,0.0,0.0
133859,респлан,567.0,0.0,567.0,0.0,0.0
133855,ресфакт,567.0,0.0,567.0,0.0,0.0
102257,обородованиекондиционирования,567.0,0.0,567.0,0.0,0.0
74202,смрэлектрпож,574.0,0.0,567.0,7.0,0.0
115372,гидравлическоеиспытаниетрубопроводов,581.0,0.0,566.0,15.0,0.0
106866,монтажпластиковыхтруб,565.0,0.0,565.0,0.0,0.0
5470,огнезащита,580.0,0.0,565.0,15.0,0.0
115332,монтажнаружныхкалитокворот,565.0,0.0,564.0,1.0,0.0
94403,смракзизолм3,564.0,0.0,564.0,0.0,0.0
115357,монтажэлементовметаллическогокаркаса,564.0,0.0,564.0,0.0,0.0
3619,ком,564.0,0.0,563.0,1.0,0.0
115353,акзбоковойповерхностиметалическихсвай,558.0,0.0,557.0,1.0,0.0
115329,очисткаповерхностипередакз,555.0,0.0,555.0,0.0,0.0
115361,грунтовкаповерхностипередакз,555.0,0.0,555.0,0.0,0.0
115317,очисткаотснега,555.0,0.0,554.0,1.0,0.0
577,итр,2595.0,10.0,554.0,803.0,1228.0
115322,монтажзрасистемовивк,553.0,0.0,553.0,0.0,0.0
93710,смртруоц,550.0,0.0,550.0,0.0,0.0
102153,монтажоборудованияасутпкипиаислаботочныхсистем(связьсигнализация),550.0,0.0,550.0,0.0,0.0
133861,расключениесиловыхкабелей,1062.0,0.0,548.0,0.0,514.0
956,сваркатрубопровода,613.0,4.0,548.0,61.0,0.0
133891,защитаоткоррозии,547.0,0.0,547.0,0.0,0.0
75772,смрстык,546.0,0.0,546.0,0.0,0.0
27576,смробоасу,551.0,0.0,543.0,8.0,0.0
102298,устройствометалическогоограждения,539.0,0.0,539.0,0.0,0.0
133932,монтажэлектроприборов,539.0,0.0,538.0,1.0,0.0
133946,укладкатротуарныхплит,537.0,0.0,537.0,0.0,0.0
133894,сборныйжелезобетон,539.0,0.0,537.0,2.0,0.0
133948,текущеерасчкол-ворес,537.0,0.0,537.0,0.0,0.0
133947,монтажлинейногопорталапс-35,537.0,0.0,537.0,0.0,0.0
133863,газ,540.0,0.0,537.0,0.0,3.0
133901,дельта,537.0,0.0,537.0,0.0,0.0
133895,"еслиошибка(индекс('c:\users\krotovdi\documents\рксп\[ресурснаяведомость20190118xlsx]людитехника'!$a$4:$am$112;поискпоз(d1037;'c:\users\krotovdi\documents\рксп\[ресурснаяведомость20190118xlsx]людитехника'!$a$4:$a$112;0);поискпоз($g$1010;'c:\users\krotovdi\documents\рксп\[ресурснаяведомость20190118xlsx]людитехника'!$a$4:$am$4;0));"""")",537.0,0.0,537.0,0.0,0.0
133886,монтажограждающихм/бконструкций,537.0,0.0,537.0,0.0,0.0
133869,монтажтрудопроводовотопления,537.0,0.0,537.0,0.0,0.0
133898,укладкагеотекстильногоматериала,540.0,0.0,537.0,3.0,0.0
133900,"еслиошибка(индекс('c:\users\krotovdi\documents\рксп\[ресурснаяведомость20190118xlsx]людитехника'!$a$4:$am$112;поискпоз(d1066;'c:\users\krotovdi\documents\рксп\[ресурснаяведомость20190118xlsx]людитехника'!$a$4:$a$112;0);поискпоз($g$1010;'c:\users\krotovdi\documents\рксп\[ресурснаяведомость20190118xlsx]людитехника'!$a$4:$am$4;0));"""")",537.0,0.0,537.0,0.0,0.0
133927,необходимоекол-водлязавершениявсрок,537.0,0.0,537.0,0.0,0.0
133872,"еслиошибка(индекс('c:\users\krotovdi\documents\рксп\[ресурснаяведомость20190118xlsx]людитехника'!$a$4:$am$112;поискпоз(d1066;'c:\users\krotovdi\documents\рксп\[ресурснаяведомость20190118xlsx]людитехника'!$a$4:$a$112;0);поискпоз($j$1010;'c:\users\krotovdi\documents\рксп\[ресурснаяведомость20190118xlsx]людитехника'!$a$4:$am$4;0));"""")",537.0,0.0,537.0,0.0,0.0
133933,"еслиошибка(индекс('c:\users\krotovdi\documents\рксп\[ресурснаяведомость20190118xlsx]людитехника'!$a$4:$am$112;поискпоз(d1037;'c:\users\krotovdi\documents\рксп\[ресурснаяведомость20190118xlsx]людитехника'!$a$4:$a$112;0);поискпоз($j$1010;'c:\users\krotovdi\documents\рксп\[ресурснаяведомость20190118xlsx]людитехника'!$a$4:$am$4;0));"""")",537.0,0.0,537.0,0.0,0.0
133892,прогнозокончанияработыпритекущейвыработке,536.0,0.0,536.0,0.0,0.0
133931,текущаявыработкавдень,536.0,0.0,536.0,0.0,0.0
133930,прогноздоконцамесяцапритекущейвыработке,536.0,0.0,536.0,0.0,0.0
133885,итогоресурсов,532.0,0.0,532.0,0.0,0.0
133870,необходимаявыработкадлязавершенияработвсрок,529.0,0.0,529.0,0.0,0.0
3095,ррсафиулин,518.0,0.0,518.0,0.0,0.0
93685,смрэлектршкаф,513.0,0.0,513.0,0.0,0.0
133923,смотривфакт→,507.0,0.0,507.0,0.0,0.0
93429,об,526.0,0.0,507.0,19.0,0.0
52,руководительпроекта,1037.0,24.0,506.0,506.0,1.0
133874,'рвпосмгсрасч'!,499.0,0.0,499.0,0.0,0.0
133921,текущаядата,2089.0,0.0,498.0,5.0,1586.0
133890,необхкол-воресдлядогонного,498.0,0.0,498.0,0.0,0.0
133908,трзнамесяц,498.0,0.0,498.0,0.0,0.0
133920,трзфакт,498.0,0.0,498.0,0.0,0.0
133922,расчтеккол-ворес,498.0,0.0,498.0,0.0,0.0
133939,трзплан,498.0,0.0,498.0,0.0,0.0
93333,смртрутпст,486.0,0.0,486.0,0.0,0.0
93422,смрэлектркомпл,473.0,0.0,473.0,0.0,0.0
93184,монтажкомплектующихпрожекторноймачты,459.0,0.0,459.0,0.0,0.0
103067,"идпопроектнойдеятельностиао""мессояханефтегаз""",452.0,0.0,452.0,0.0,0.0
73894,смрземобв,440.0,0.0,438.0,2.0,0.0
93632,"глспецпокалендарномупланированиюао""мессояханефтегаз""",429.0,0.0,429.0,0.0,0.0
134518,"ооо""стройпроектсервис""",428.0,0.0,428.0,0.0,0.0
93133,смртруфут,426.0,0.0,426.0,0.0,0.0
5880,"подряднаяорганизация:нао""премьерстрой""",415.0,0.0,415.0,0.0,0.0
73992,смрземотк,435.0,0.0,413.0,22.0,0.0
73888,смрпс,410.0,0.0,410.0,0.0,0.0
143815,окм4оч,405.0,0.0,405.0,0.0,0.0
143830,окм3оч,405.0,0.0,405.0,0.0,0.0
143827,окм5оч,405.0,0.0,405.0,0.0,0.0
64690,нет,510.0,0.0,404.0,106.0,0.0
80118,ерушкинма,398.0,0.0,398.0,0.0,0.0
113082,"ао""мнги""",396.0,0.0,396.0,0.0,0.0
92950,руководительштабастроительства,424.0,0.0,394.0,30.0,0.0
151517,озг,385.0,0.0,385.0,0.0,0.0
93330,смртруманжет,382.0,0.0,382.0,0.0,0.0
31076,смробопроч,372.0,0.0,364.0,8.0,0.0
41998,0xf,360.0,0.0,360.0,0.0,0.0
780,газорезчик,2665.0,2.0,359.0,134.0,2170.0
752,всегопорд,858.0,8.0,356.0,494.0,0.0
58859,смртрукор,348.0,0.0,348.0,0.0,0.0
56228,смробоприбасу,359.0,0.0,345.0,14.0,0.0
76533,смринжпланир,328.0,0.0,328.0,0.0,0.0
3008,аграхматуллин,327.0,0.0,327.0,0.0,0.0
4044,земляныеработы,1081.0,0.0,323.0,84.0,674.0
2961,выполненозанеделю,352.0,0.0,322.0,29.0,1.0
11322,отклонение,371.0,0.0,322.0,49.0,0.0
75596,устройствообваловки,346.0,0.0,321.0,25.0,0.0
24568,смринжпес,319.0,0.0,319.0,0.0,0.0
75810,смргитзна,346.0,0.0,319.0,27.0,0.0
93218,нс,318.0,0.0,318.0,0.0,0.0
111940,вистоляров,325.0,0.0,317.0,8.0,0.0
1064,остаток,1675.0,18.0,315.0,510.0,832.0
28573,смробоэрэо,320.0,0.0,310.0,10.0,0.0
111932,тайлаковга,310.0,0.0,310.0,0.0,0.0
4004,дэс,436.0,0.0,308.0,128.0,0.0
7154,инженернаяподготовка,2340.0,0.0,308.0,16.0,2016.0
93644,смрэлектркаб,308.0,0.0,308.0,0.0,0.0
93493,смринжрек,308.0,0.0,308.0,0.0,0.0
133937,"""""2019",305.0,0.0,305.0,0.0,0.0
29654,смробоблок,305.0,0.0,304.0,1.0,0.0
3492,прочие,410.0,0.0,304.0,106.0,0.0
93720,смринжводлот,304.0,0.0,304.0,0.0,0.0
16623,монтажтрубопроводовм,325.0,0.0,298.0,27.0,0.0
115315,монтажтермоусаживающихманжетов,297.0,0.0,297.0,0.0,0.0
57863,смрбетбет,302.0,0.0,294.0,8.0,0.0
151518,"""""2020",293.0,0.0,293.0,0.0,0.0
75278,смринжпосев,301.0,0.0,293.0,8.0,0.0
3454,всегопопроекту,392.0,0.0,290.0,102.0,0.0
3513,%выполнения,328.0,0.0,289.0,8.0,31.0
11353,факт/план%,286.0,0.0,286.0,0.0,0.0
11764,факт-план,286.0,0.0,286.0,0.0,0.0
24588,смркабсс,292.0,0.0,281.0,11.0,0.0
93853,смрэлектртрос,281.0,0.0,281.0,0.0,0.0
11342,монтажзрашт,298.0,0.0,279.0,19.0,0.0
18954,всегоповыданнойрд*,276.0,0.0,276.0,0.0,0.0
16308,идентификаторработы,1667.0,0.0,275.0,546.0,846.0
111240,смринжгеореш,274.0,0.0,274.0,0.0,0.0
2946,остатокнаначалоотчетногомесяца,302.0,0.0,274.0,28.0,0.0
3451,выполненосначаластр-ва,272.0,0.0,272.0,0.0,0.0
3489,выполненосначаластр-вананачалоотчетногомесяца,271.0,0.0,271.0,0.0,0.0
24301,смравквозд,276.0,0.0,270.0,6.0,0.0
34277,нумерациявидовработ,270.0,0.0,270.0,0.0,0.0
24545,смртрути,273.0,0.0,269.0,4.0,0.0
26085,монтажметаллоконструкцийтн,285.0,0.0,268.0,17.0,0.0
10617,названиеработы,1181.0,0.0,267.0,68.0,846.0
110458,"""""2018",267.0,0.0,267.0,0.0,0.0
26827,смрсваогмет,268.0,0.0,267.0,1.0,0.0
1559,погружениесвай,2631.0,9.0,264.0,282.0,2076.0
41945,смрогрогр,267.0,0.0,263.0,4.0,0.0
41381,плансначаламесяца,262.0,0.0,262.0,0.0,0.0
40923,фактсначаластроительства,262.0,0.0,262.0,0.0,0.0
41195,плансначаластроительства,262.0,0.0,262.0,0.0,0.0
40891,фактсначаламесяца,262.0,0.0,262.0,0.0,0.0
30651,смроботех,267.0,0.0,261.0,6.0,0.0
41176,отставание/опережениеотдоговорногографика,258.0,0.0,258.0,0.0,0.0
2441,начало,4845.0,5.0,258.0,190.0,4392.0
6741,монтажзапорнойарматуры,353.0,0.0,257.0,96.0,0.0
3490,отставание/опережение,256.0,0.0,256.0,0.0,0.0
3475,завесьпериод,256.0,0.0,256.0,0.0,0.0
93246,руководительштабастроительстваобустройствокустовскважин,254.0,0.0,254.0,0.0,0.0
2465,окончание,4815.0,5.0,253.0,165.0,4392.0
32588,руководительпроектапопроектированиюиобустройствум/р,251.0,0.0,251.0,0.0,0.0
75697,смринжпдн,256.0,0.0,250.0,6.0,0.0
2949,суточномесячныйграфиквыполненияработ,276.0,0.0,248.0,28.0,0.0
9814,всего*,248.0,0.0,248.0,0.0,0.0
3123,снарастающимитогом,283.0,0.0,247.0,36.0,0.0
3094,ед,497.0,0.0,243.0,254.0,0.0
93372,смринжупл,242.0,0.0,242.0,0.0,0.0
3486,восполнение,241.0,0.0,241.0,0.0,0.0
6949,всегоповыданнойрд,240.0,0.0,240.0,0.0,0.0
93786,смринжфбс,240.0,0.0,240.0,0.0,0.0
93351,монтажбетонныхблоковфбс,239.0,0.0,239.0,0.0,0.0
33199,монтажростверковподопорывл,239.0,0.0,239.0,0.0,0.0
3521,засуткиплан,238.0,0.0,238.0,0.0,0.0
30734,разработкагрунтам3,294.0,0.0,238.0,56.0,0.0
12593,монтажкабелейасутпкипиам,254.0,0.0,238.0,16.0,0.0
93829,смркмрост,238.0,0.0,238.0,0.0,0.0
3514,засуткифакт,238.0,0.0,238.0,0.0,0.0
26030,обратнаязасыпкам3,290.0,0.0,236.0,54.0,0.0
10122,руководительстроительства,290.0,0.0,233.0,57.0,0.0
19861,доляв100%смгфактнадату%,233.0,0.0,233.0,0.0,0.0
20827,доляв100%смгпланнадату%,233.0,0.0,233.0,0.0,0.0
93816,смрэлектропн,232.0,0.0,232.0,0.0,0.0
28749,смрарспкр,242.0,0.0,232.0,10.0,0.0
26111,смрарсп,238.0,0.0,229.0,9.0,0.0
110906,смргитпен,229.0,0.0,229.0,0.0,0.0
41765,погружениесвайметаллическихшт,245.0,0.0,229.0,16.0,0.0
98026,смракзизол,228.0,0.0,228.0,0.0,0.0
1832,автоматизация,2083.0,1.0,225.0,27.0,1830.0
75045,смрвзевр,224.0,0.0,224.0,0.0,0.0
5798,"ао""премьерстрой""",223.0,0.0,223.0,0.0,0.0
73831,"глспецпокалендарномупланированиюао""мнг""",222.0,0.0,222.0,0.0,0.0
3422,автобетоносмеситель,382.0,0.0,222.0,160.0,0.0
22804,среднесуточнаявыработка,248.0,0.0,221.0,27.0,0.0
41819,смркабпл,220.0,0.0,220.0,0.0,0.0
53553,смрарвнут,224.0,0.0,218.0,6.0,0.0
16128,%вып-япокол-ву,762.0,0.0,218.0,544.0,0.0
5605,рахматуллинаг,218.0,0.0,218.0,0.0,0.0
4046,монтажгреющегокабеля,766.0,0.0,216.0,120.0,430.0
40950,"подряднаяорганизация:ао""евракор""",216.0,0.0,216.0,0.0,0.0
41131,мобилизациятехническихресурсов,214.0,0.0,214.0,0.0,0.0
68664,карташовмв,211.0,0.0,211.0,0.0,0.0
3530,водовозка,466.0,0.0,211.0,255.0,0.0
23829,монтажограждающихконструкций,219.0,0.0,206.0,13.0,0.0
111942,обустройствуместорождений,206.0,0.0,206.0,0.0,0.0
40809,пусконаладочныеработы,623.0,0.0,206.0,64.0,353.0
372,монтажзаземления,1136.0,22.0,205.0,92.0,817.0
6775,установкавскважиныметаллическихсвай,204.0,0.0,204.0,0.0,0.0
24905,заземлением,217.0,0.0,203.0,14.0,0.0
2102,к-т,960.0,8.0,202.0,172.0,578.0
47699,смротдокндвр,208.0,0.0,202.0,6.0,0.0
24653,смравкконд,200.0,0.0,200.0,0.0,0.0
93182,смркмопор,199.0,0.0,199.0,0.0,0.0
36938,монтажлотковикоробовм,215.0,0.0,199.0,16.0,0.0
51357,!едизм,254.0,0.0,198.0,56.0,0.0
2002,монтажоголовниковсвай,249.0,11.0,197.0,41.0,0.0
40917,монтажкабеляиэлектрооборудования,197.0,0.0,197.0,0.0,0.0
51,згдпокапитальномустроительству,557.0,12.0,196.0,349.0,0.0
30308,монтажкабеля,532.0,0.0,192.0,48.0,292.0
41120,мобилизациялюдскихресурсов,197.0,0.0,192.0,0.0,5.0
5362,сводкаповыполнениюстроительно-монтажныхработ,192.0,0.0,192.0,0.0,0.0
111925,заместительруководителяпроектапопроектированиюи,191.0,0.0,191.0,0.0,0.0
96320,смртрудт,190.0,0.0,190.0,0.0,0.0
26532,смркабкор,191.0,0.0,189.0,2.0,0.0
75686,смробопнр,199.0,0.0,188.0,11.0,0.0
3100,электромонтажники,526.0,0.0,187.0,126.0,213.0
28739,смрарогр,196.0,0.0,187.0,9.0,0.0
4898,монтажемкостей,186.0,0.0,186.0,0.0,0.0
41333,монтажкабелясвязи,185.0,0.0,185.0,0.0,0.0
117,к-с,728.0,39.0,185.0,194.0,310.0
41269,посевтрав,576.0,0.0,184.0,6.0,386.0
3512,вахта,688.0,0.0,184.0,47.0,457.0
348,км,2633.0,4.0,183.0,301.0,2145.0
43212,монтажстоекиполокшт,197.0,0.0,181.0,16.0,0.0
33687,обратнаязасыпкагрунтом,191.0,0.0,181.0,10.0,0.0
3496,монтажтрубопровода,1284.0,0.0,181.0,32.0,1071.0
74679,смрмонт,181.0,0.0,180.0,1.0,0.0
41360,сначаластроительстванарастающимитогомпоработаммсг,180.0,0.0,180.0,0.0,0.0
94193,0x2a,179.0,0.0,179.0,0.0,0.0
74237,смробосант,185.0,0.0,179.0,6.0,0.0
103019,7(908)866-94-29,177.0,0.0,177.0,0.0,0.0
41221,монтажтрубопроводовтехнологических,177.0,0.0,177.0,0.0,0.0
41428,антикоррозийнаязащитаметаллоконструкций,205.0,0.0,177.0,28.0,0.0
40929,монтажсоединительныхиконцевыхмуфт,177.0,0.0,177.0,0.0,0.0
40888,испытаниетрубопроводовнапрочностьигерметичность,177.0,0.0,177.0,0.0,0.0
23206,монтажтехнологическогооборудованияшт,194.0,0.0,177.0,17.0,0.0
40993,работыпомобилизации/демобилизации,176.0,0.0,176.0,0.0,0.0
41024,монтаждорожныхзнаковистолбиков,176.0,0.0,176.0,0.0,0.0
14106,вотчет,175.0,0.0,175.0,0.0,0.0
16215,свернуть,175.0,0.0,175.0,0.0,0.0
96,прочее,571.0,30.0,174.0,15.0,352.0
28145,бурениескважиншт,173.0,0.0,173.0,0.0,0.0
3362,ппу,385.0,0.0,171.0,214.0,0.0
53046,смртруконтрол,173.0,0.0,171.0,2.0,0.0
69150,шеф-монтажныеработы,474.0,0.0,170.0,6.0,298.0
26525,смрземпла,196.0,0.0,170.0,26.0,0.0
41687,монтажкабелейэлектрообогревам,185.0,0.0,169.0,16.0,0.0
33040,дефектоскопист,751.0,0.0,168.0,66.0,517.0
73806,шайбельаа,167.0,0.0,167.0,0.0,0.0
55235,смрпроч,167.0,0.0,167.0,0.0,0.0
68881,шагивалиевра,166.0,0.0,166.0,0.0,0.0
22061,огнезащитам2,180.0,0.0,165.0,15.0,0.0
133860,монтажоборудованияасутпкипиаислаботочныхсистем(связьсогнализация),165.0,0.0,165.0,0.0,0.0
30077,теплоизоляциятрубопроводовифланцевыхсоединений,165.0,0.0,165.0,0.0,0.0
76,начальникпто,194.0,10.0,165.0,19.0,0.0
162770,"""""2021",164.0,0.0,164.0,0.0,0.0
41850,монтажкабелясиловогом,164.0,0.0,164.0,0.0,0.0
66791,монтажблочнойпродукциинакустах(тнэмка),164.0,0.0,164.0,0.0,0.0
7008,выполненосначаластроительства%,163.0,0.0,163.0,0.0,0.0
7025,замесяц%,163.0,0.0,163.0,0.0,0.0
41610,устройствообвалования,184.0,0.0,162.0,22.0,0.0
75500,смравкрад,162.0,0.0,162.0,0.0,0.0
7158,окончаниеработ,182.0,0.0,160.0,21.0,1.0
7150,началоработ,182.0,0.0,160.0,21.0,1.0
1975,общестроительныеработы,326.0,11.0,160.0,51.0,104.0
2078,монтажограждения,1205.0,11.0,160.0,17.0,1017.0
11088,заданиесмготобщегообъемаработ:,160.0,0.0,160.0,0.0,0.0
3293,днимесяца,191.0,0.0,160.0,31.0,0.0
26345,монтажпрочегооборудованияшт,173.0,0.0,159.0,14.0,0.0
7073,фактнадату,561.0,0.0,159.0,17.0,385.0
31792,монтажопоршт,511.0,0.0,158.0,1.0,352.0
29884,смрсважб,158.0,0.0,158.0,0.0,0.0
18440,оставшеесяколичество,178.0,0.0,157.0,21.0,0.0
75011,смраргосп,156.0,0.0,156.0,0.0,0.0
34212,главспецпоом,156.0,0.0,156.0,0.0,0.0
29371,строительно-монтажныеработы,168.0,0.0,156.0,12.0,0.0
55080,смробоэо,156.0,0.0,156.0,0.0,0.0
92879,обустройствокустовскважин,154.0,0.0,154.0,0.0,0.0
50206,смробопров,153.0,0.0,153.0,0.0,0.0
63123,шмр,606.0,0.0,153.0,14.0,439.0
45063,смрбетарм,153.0,0.0,153.0,0.0,0.0
29253,смркабэлм,164.0,0.0,152.0,12.0,0.0
115355,смркабрасклэо,151.0,0.0,151.0,0.0,0.0
31541,благоустройство,1629.0,0.0,151.0,107.0,1371.0
772,водитель,2090.0,2.0,150.0,123.0,1815.0
76308,смрмачмонт,150.0,0.0,150.0,0.0,0.0
41676,монтажоборудованияасутпкипиаислаботочныхсистем(связьсигнализация)шт,162.0,0.0,149.0,13.0,0.0
92980,свамантаев,149.0,0.0,149.0,0.0,0.0
48132,устройствотеплоизоляциим3,163.0,0.0,147.0,16.0,0.0
37674,устройствогидроизоляции,171.0,0.0,147.0,24.0,0.0
21936,сварщикиметаллоконструкций,191.0,0.0,146.0,45.0,0.0
93833,смрмоствтру,145.0,0.0,145.0,0.0,0.0
41911,!видработ(физика),174.0,0.0,145.0,29.0,0.0
6878,план/факт,383.0,0.0,144.0,238.0,1.0
6150,"подряднаяорганизация:ао""премьерстрой""",144.0,0.0,144.0,0.0,0.0
27065,монтажоголовковшт,160.0,0.0,143.0,17.0,0.0
1029,"""""20г",175.0,1.0,143.0,31.0,0.0
32313,korshunovmp@tmngazprom-neftru,143.0,0.0,143.0,0.0,0.0
111168,7(950)496-79-58,143.0,0.0,143.0,0.0,0.0
32079,коршуновмаксимпавлович,143.0,0.0,143.0,0.0,0.0
418,теплоизоляциятрубопровода,583.0,5.0,142.0,16.0,420.0
47,выполнено,1190.0,26.0,141.0,93.0,930.0
12044,вспомогательноеблочноеоборудованиешт,141.0,0.0,141.0,0.0,0.0
101982,смракзогнз,141.0,0.0,141.0,0.0,0.0
98772,коршуновмп,140.0,0.0,140.0,0.0,0.0
93609,устройствопереезда,140.0,0.0,140.0,0.0,0.0
20174,монтажтрубопроводовиарматуры,139.0,0.0,139.0,0.0,0.0
100454,петровев,139.0,0.0,139.0,0.0,0.0
955,укладкатрубопровода,143.0,4.0,139.0,0.0,0.0
92963,"""""2017",140.0,0.0,139.0,1.0,0.0
99213,хирнойес,138.0,0.0,138.0,0.0,0.0
75422,акзмкм2,137.0,0.0,137.0,0.0,0.0
3539,мобилизациятехники,137.0,0.0,137.0,0.0,0.0
67454,линейнаячастьстроительства,137.0,0.0,137.0,0.0,0.0
116681,старовойтоваи,137.0,0.0,137.0,0.0,0.0
20021,отсыпкащебнемм3,137.0,0.0,137.0,0.0,0.0
3455,"заказчик:ооо""газпромнефтьразвитие""филиал«мессояха»",136.0,0.0,136.0,0.0,0.0
93433,высоковольтнаялиния,136.0,0.0,136.0,0.0,0.0
115313,посевтравы,136.0,0.0,135.0,1.0,0.0
5481,монтажтехнологическихтрубопроводов,641.0,0.0,135.0,88.0,418.0
101981,смртрупвх,134.0,0.0,134.0,0.0,0.0
75782,монтажемкостногооборудованияшт,162.0,0.0,134.0,17.0,11.0
743,апрель,1676.0,14.0,134.0,114.0,1414.0
47006,смрэлектрсвязь,139.0,0.0,133.0,6.0,0.0
93244,смрмостнсм,133.0,0.0,133.0,0.0,0.0
93517,смринжпер,133.0,0.0,133.0,0.0,0.0
1021,количество,203.0,1.0,133.0,62.0,7.0
93579,"подряднаяорганизация:ооо""аргос-прометей""",133.0,0.0,133.0,0.0,0.0
103300,shagivalievra@tmngazprom-neftru,132.0,0.0,132.0,0.0,0.0
3207,изготовлениесвай,2306.0,0.0,132.0,195.0,1979.0
76090,монтажблок-боксовшт,132.0,0.0,132.0,0.0,0.0
107,линейнаячасть,205.0,9.0,131.0,65.0,0.0
103310,шагивалиеврамильанварович,131.0,0.0,131.0,0.0,0.0
115336,погружениесвайжб,131.0,0.0,131.0,0.0,0.0
25311,акзиокраска,130.0,0.0,130.0,0.0,0.0
117359,старовойтовартемигоревич,130.0,0.0,130.0,0.0,0.0
75921,смршкаф,130.0,0.0,129.0,1.0,0.0
1023,типмарка,170.0,1.0,129.0,40.0,0.0
3384,принятыерешения:,129.0,0.0,129.0,0.0,0.0
74575,смринжгеорош,128.0,0.0,128.0,0.0,0.0
112650,смркмсборка,128.0,0.0,128.0,0.0,0.0
93373,пнрсистемыэмз,128.0,0.0,128.0,0.0,0.0
40938,устройствокаменнойнаброски,128.0,0.0,128.0,0.0,0.0
16769,a41930,128.0,0.0,128.0,0.0,0.0
115324,секция,128.0,0.0,128.0,0.0,0.0
110977,7(963)450-17-82,128.0,0.0,128.0,0.0,0.0
101934,мурашовпа,127.0,0.0,127.0,0.0,0.0
41683,бетоннаяподготовкаибетонм3,127.0,0.0,127.0,0.0,0.0
115343,обустройствокуста,131.0,0.0,127.0,4.0,0.0
19682,фактнадату%,127.0,0.0,127.0,0.0,0.0
10376,a42490,127.0,0.0,127.0,0.0,0.0
15589,планнадату%,127.0,0.0,127.0,0.0,0.0
74372,смрнвкколодцы,129.0,0.0,127.0,2.0,0.0
25658,монтажкм,127.0,0.0,127.0,0.0,0.0
93126,укреплениеоткосов,128.0,0.0,127.0,1.0,0.0
93435,пнроборудованияасутп,126.0,0.0,126.0,0.0,0.0
19295,a42480,478.0,0.0,126.0,0.0,352.0
47661,"ао""мессояханефтегаз""",126.0,0.0,126.0,0.0,0.0
20608,a43080,126.0,0.0,126.0,0.0,0.0
99275,khirnoyes@tmngazprom-neftru,126.0,0.0,126.0,0.0,0.0
53285,монтажблочно-вспомогательногооборудованияшт,142.0,0.0,126.0,16.0,0.0
93363,монтажпокрытияизоцинкованнойстали,126.0,0.0,126.0,0.0,0.0
93368,монтажметаллоконструкцийпролетныхстроений,126.0,0.0,126.0,0.0,0.0
93608,кодработ,126.0,0.0,126.0,0.0,0.0
93292,пуско-наладочныеработыопс,126.0,0.0,126.0,0.0,0.0
93459,пуско-наладочныеработыкип,126.0,0.0,126.0,0.0,0.0
1046,поставщик,167.0,1.0,126.0,40.0,0.0
93652,пуско-наладочныеработыэсо,126.0,0.0,126.0,0.0,0.0
23378,геотехническиймониторинг,127.0,0.0,126.0,1.0,0.0
93518,пуско-наладочныеработыктп,126.0,0.0,126.0,0.0,0.0
93261,пуско-наладочныеработыэцн,126.0,0.0,126.0,0.0,0.0
93624,монтажшкафаасутп,127.0,0.0,126.0,1.0,0.0
93324,установкаопор(порталов)линиивл,126.0,0.0,126.0,0.0,0.0
93162,монтажгтм,126.0,0.0,126.0,0.0,0.0
93701,пуско-наладочныеработытн,126.0,0.0,126.0,0.0,0.0
93708,мосты,127.0,0.0,126.0,1.0,0.0
93573,термостабилизациягрунта,126.0,0.0,126.0,0.0,0.0
93570,пуско-наладочныеработыэмз,126.0,0.0,126.0,0.0,0.0
93588,пуско-наладочныеработыпрожекторныхмачт,126.0,0.0,126.0,0.0,0.0
94583,совпадениеid,125.0,0.0,125.0,0.0,0.0
98955,хирнойевгенийстаниславович,125.0,0.0,125.0,0.0,0.0
95831,наименованиеработыизprimavera,125.0,0.0,125.0,0.0,0.0
117355,starovoytovai@tmngazprom-neftru,124.0,0.0,124.0,0.0,0.0
17344,a41830,140.0,0.0,124.0,16.0,0.0
93558,месячно-суточныйграфиквыполненияработпообъекту«обустройствозападно-мессояхскогоивосточно-мессояхскогоместорожденийкустыскважинскоммуникациями(866проект)»,124.0,0.0,124.0,0.0,0.0
93646,монтажметаллоконструкциймачтпрожекторных,123.0,0.0,123.0,0.0,0.0
10819,a41970,123.0,0.0,123.0,0.0,0.0
978,май,1657.0,30.0,123.0,103.0,1401.0
10215,доляв100%смг,123.0,0.0,123.0,0.0,0.0
93439,изготовлениефутляра,165.0,0.0,123.0,0.0,42.0
24997,монтажкровлим2,137.0,0.0,122.0,15.0,0.0
16363,a41950,122.0,0.0,122.0,0.0,0.0
15426,a42520,474.0,0.0,122.0,0.0,352.0
12592,a41850,122.0,0.0,122.0,0.0,0.0
93305,объект:«обустройствозападно-мессояхскогоивосточно-мессояхскогоместорожденийкустыскважинскоммуникациями(866проект)»,122.0,0.0,122.0,0.0,0.0
16140,a42510,122.0,0.0,122.0,0.0,0.0
21497,a42320,122.0,0.0,122.0,0.0,0.0
10171,a42660,474.0,0.0,122.0,0.0,352.0
18909,a42330,122.0,0.0,122.0,0.0,0.0
19487,a41990,121.0,0.0,121.0,0.0,0.0
14772,a42560,489.0,0.0,121.0,16.0,352.0
13399,a42340,121.0,0.0,121.0,0.0,0.0
31386,монтажполок,158.0,0.0,120.0,38.0,0.0
22684,монтажстоекполокшт,120.0,0.0,120.0,0.0,0.0
12145,a41870,135.0,0.0,119.0,16.0,0.0
18760,a42040,135.0,0.0,119.0,16.0,0.0
93689,смрмостгидр,119.0,0.0,119.0,0.0,0.0
